file,energy_0,homogenity_0,entrophy_0,contrast_0,energy_45,homogenity_45,entrophy_45,contrast_45,energy_90,homogenity_90,entrophy_90,contrast_90,energy_135,homogenity_135,entrophy_135,contrast_135
/content/drive/MyDrive/dataset_fix/train/naik/naik.1.jpg,0.0014136134229299764,168.25805856298962,7.2872175376071535,167.25805856299124,0.0012235866123415497,347.37795275590423,7.452591099897205,346.3779527559037,0.0013508905191638575,283.6336737204713,7.326385321048656,282.6336737204761,0.0012538505453971623,356.5263190526382,7.3935529803002895,355.5263190526348
/content/drive/MyDrive/dataset_fix/train/naik/naik.10.jpg,0.0011114139049567809,255.12536909448545,7.5880732387322665,254.12536909448508,0.001006320941279693,393.9824539649071,7.66793425079314,392.9824539649072,0.0011891524637542192,291.3383981299183,7.542646625771645,290.3383981299209,0.001006611164440581,388.1841403682794,7.665170566116998,387.184140368279
/content/drive/MyDrive/dataset_fix/train/naik/naik.11.jpg,0.0010980557239435459,255.05050442913213,7.59149922798726,254.05050442913335,0.00098565359261038,397.4474548949084,7.680881951620115,396.44745489490987,0.0011629583195690563,292.8158833661384,7.549401029833946,291.8158833661401,0.0010064919999639244,381.65447330894557,7.673036442246869,380.65447330894494
/content/drive/MyDrive/dataset_fix/train/naik/naik.12.jpg,0.001067579771878359,259.50461368109853,7.60619726765543,258.5046136810994,0.0009674502577971361,399.41471882943677,7.705945958409282,398.4147188294353,0.001153885730623099,288.51556348424964,7.574158291336436,287.51556348425026,0.000983035818139294,381.125922251844,7.6841268043373585,380.1259222518423
/content/drive/MyDrive/dataset_fix/train/naik/naik.13.jpg,0.001122552660144455,253.27786663385618,7.572224362677181,252.2778666338568,0.0010442863591412059,385.93359786719464,7.66148528891901,384.93359786719395,0.0012857003253069908,267.9981545275564,7.495939493987479,266.9981545275576,0.0010564795759140202,371.83836567673217,7.649267440044888,370.8383656767287
/content/drive/MyDrive/dataset_fix/train/naik/naik.14.jpg,0.0010723648766634143,266.20847687007534,7.5929343292909754,265.2084768700774,0.0009709675318662185,396.85845371690635,7.693094218752869,395.8584537169062,0.001179527383468908,285.1405019685013,7.544583143418586,284.1405019685033,0.0010000244440937277,377.7989955979908,7.668329548060595,376.7989955979892
/content/drive/MyDrive/dataset_fix/train/naik/naik.15.jpg,0.0010343659603335548,278.7746678149592,7.6732920076429325,277.7746678149605,0.0009465887863513321,427.16907433814856,7.76317627279596,426.1690743381452,0.001154727712287545,315.0268208661402,7.614855907845239,314.0268208661399,0.0009601235644903932,407.86118172236195,7.750876220587618,406.8611817223608
/content/drive/MyDrive/dataset_fix/train/naik/naik.16.jpg,0.0011117147478436258,270.26679379920944,7.572820047514343,269.26679379921,0.0010129518678033637,401.8438216876415,7.662566636458949,400.84382168764176,0.0012343735014619264,282.8057947834615,7.522732849721432,281.8057947834637,0.0010391911167602587,386.53320106639967,7.642058035452349,385.5332010663996
/content/drive/MyDrive/dataset_fix/train/naik/naik.17.jpg,0.00114268453634571,259.9321481299178,7.547398145057378,258.93214812991954,0.0010531333605291785,391.262818525635,7.635823956956299,390.2628185256367,0.0012952364771917895,272.61897145668934,7.47024461021006,271.61897145669053,0.0010819826959263992,371.3067766135499,7.611141886052232,370.30677661355236
/content/drive/MyDrive/dataset_fix/train/naik/naik.18.jpg,0.0017382134373644254,272.75867372046906,7.186201271514253,271.7586737204723,0.0016188571034218974,343.93899187798183,7.240885329237364,342.93899187798246,0.0018188450073189702,185.06649852362014,7.098301029455672,184.06649852362094,0.0016260242700905391,323.2993365986737,7.227981025781419,322.29933659867174
/content/drive/MyDrive/dataset_fix/train/naik/naik.19.jpg,0.0011243842067762927,264.1845472440913,7.584244624258231,263.18454724409224,0.0010212626290463775,407.96614793229554,7.6755067124674445,406.96614793229503,0.0012482047058821435,295.32388041338214,7.52940962749002,294.3238804133835,0.001033905595618194,381.3442246884464,7.673101729964349,380.3442246884467
/content/drive/MyDrive/dataset_fix/train/naik/naik.2.jpg,0.0012991398663461434,174.1145423228321,7.340711883592133,173.11454232283447,0.0011324584618293116,401.72416144832414,7.506640650835661,400.7241614483204,0.0012494288904593526,325.0595472440933,7.374286088411431,324.05954724409764,0.00115669882279066,376.8443176886346,7.4467545059990945,375.84431768863277
/content/drive/MyDrive/dataset_fix/train/naik/naik.20.jpg,0.004280294205119584,90.38828740157444,6.651800717041355,89.38828740157395,0.0035118155672483773,241.34428668857134,6.844686110623881,240.34428668857302,0.003961308032479262,204.9207677165336,6.748456252892166,203.92076771653444,0.0035796585946202045,219.03726207452218,6.833357985329873,218.037262074523
/content/drive/MyDrive/dataset_fix/train/naik/naik.21.jpg,0.005641525015960174,87.8646038385819,6.250454256949521,86.86460383858207,0.0044605589242179364,145.61919523839111,6.479844836887192,144.61919523839106,0.005474924279926653,83.14210137795197,6.309130208315695,82.14210137795199,0.004731798415174803,151.83830367660784,6.454259600655627,150.83830367660727
/content/drive/MyDrive/dataset_fix/train/naik/naik.22.jpg,0.0019423457426017137,274.13625738188836,7.053243423152893,273.13625738189023,0.0018854645558506228,334.02306404612517,7.086752843525788,333.0230640461248,0.002732896518039047,149.68079478346252,6.777181375699642,148.6807947834639,0.0019311141604488621,317.62192324384466,7.069121904163901,316.62192324384455
/content/drive/MyDrive/dataset_fix/train/naik/naik.23.jpg,0.0026885647643364982,103.60254675196771,6.9878464117499,102.60254675196764,0.0023199440037668345,232.54107508214977,7.124130578978,231.5410750821491,0.002694691363503759,190.1287524606292,7.003393259187593,189.12875246062947,0.0023601620146387254,215.71566743133394,7.135714029071891,214.7156674313334
/content/drive/MyDrive/dataset_fix/train/naik/naik.24.jpg,0.008217114761866227,96.91695374015694,5.682553885368685,95.9169537401573,0.007089383017503731,162.7027714055441,5.785503667316175,161.7027714055429,0.008164217500309982,113.12241633858214,5.650443520530635,112.12241633858287,0.007154181584697744,141.11742823485753,5.7869855207658505,140.11742823485656
/content/drive/MyDrive/dataset_fix/train/naik/naik.25.jpg,0.006933955518301653,158.7955831692904,6.288357776684334,157.79558316929118,0.006039128824491151,302.0166780333568,6.3990811756355805,301.01667803335476,0.006896215818798816,220.6447465551184,6.262448821400667,219.6447465551191,0.006005282269105063,275.1570463140926,6.4135937080183485,274.1570463140916
/content/drive/MyDrive/dataset_fix/train/naik/naik.26.jpg,0.0068712080173183735,138.09688730314846,6.242314097063856,137.09688730314937,0.006006842939347746,263.1013082026159,6.354675257299264,262.1013082026146,0.006941338467637866,202.8198203740152,6.216974608753464,201.819820374017,0.0061501901167358795,249.885919771839,6.364786009968681,248.8859197718388
/content/drive/MyDrive/dataset_fix/train/naik/naik.27.jpg,0.0016232763178417474,221.55376476377754,7.190272603398552,220.55376476377708,0.0015674972139825532,252.5023250046496,7.22261780046001,251.50232500464864,0.001686729569748246,150.28211122047207,7.120691797213276,149.28211122047225,0.0015723733474870651,255.22127844255425,7.2231723659357385,254.22127844255613
/content/drive/MyDrive/dataset_fix/train/naik/naik.28.jpg,0.006087665556678758,110.92925688976261,6.048187551600956,109.92925688976288,0.0053000361441234035,175.60164920329888,6.137372365758663,174.6016492032983,0.005898365373390891,121.2797736220464,5.995344580930745,120.27977362204693,0.005272044024155028,158.64734329468783,6.155010688835194,157.6473432946866
/content/drive/MyDrive/dataset_fix/train/naik/naik.29.jpg,0.005977479484255841,102.67267470472305,6.488346563683863,101.67267470472379,0.0050911561926044084,196.19145638291144,6.615262087804351,195.1914563829125,0.006877082968033131,111.22465551180994,6.286890752276466,110.22465551181097,0.005165499449977134,178.76619753239572,6.63520206789089,177.7661975323944
/content/drive/MyDrive/dataset_fix/train/naik/naik.3.jpg,0.0019088291960763911,176.40206692913296,6.819705021753284,175.4020669291339,0.0016473950735736726,281.0899621799244,6.947506893611597,280.0899621799241,0.0018870701193551096,187.73074557086457,6.836474576421486,186.73074557086574,0.0016647584910272754,274.36325872651764,6.942278082271271,273.3632587265177
/content/drive/MyDrive/dataset_fix/train/naik/naik.30.jpg,0.0008199217448240004,332.25719734251766,7.835979927438692,331.257197342522,0.0007811846487354652,478.03664207328404,7.931514578720007,477.03664207328205,0.0010188962028315196,294.6568036417303,7.697843318592054,293.65680364173204,0.0007800756502994773,489.8304296608611,7.9308145813713,488.83042966085867
/content/drive/MyDrive/dataset_fix/train/naik/naik.31.jpg,0.0008075398841227669,372.86054379920904,7.782769328529599,371.860543799213,0.0007649955779792267,521.3109926219844,7.849868606236762,520.3109926219827,0.0009793590143821358,284.7049089566898,7.631174511617392,283.7049089566925,0.0007787994371946295,480.06733213466424,7.836751578746843,479.0673321346616
/content/drive/MyDrive/dataset_fix/train/naik/naik.32.jpg,0.004691150983864467,168.07197342519603,6.500695463980147,167.07197342519734,0.004088717706854476,302.04222208444327,6.590893062914351,301.04222208444133,0.005263248197394844,199.75393700787308,6.25856823574061,198.75393700787458,0.004144377127491931,290.4670469340929,6.597087833768562,289.4670469340922
/content/drive/MyDrive/dataset_fix/train/naik/naik.33.jpg,0.003645040798382362,159.78137303149427,6.643743054661355,158.78137303149526,0.003334068296259858,299.9379998759987,6.732775695067038,298.93799987599795,0.0039870934844408795,215.029281496061,6.472667844305574,214.02928149606356,0.003294326943294605,291.02845805691476,6.7468325442635795,290.02845805691356
/content/drive/MyDrive/dataset_fix/train/naik/naik.34.jpg,0.001316265205772632,322.7805733267703,7.411284025653334,321.7805733267724,0.0012447863571404102,398.76725153450263,7.465205674724137,397.7672515345004,0.0016870209521669527,212.45724655511597,7.157098478876964,211.45724655511893,0.001219440841758452,411.2716845433676,7.4869710497678525,410.27168454336413
/content/drive/MyDrive/dataset_fix/train/naik/naik.35.jpg,0.0016083136414320074,296.24077263779407,7.303046571215254,295.24077263779634,0.0014259701778749773,412.3197346394677,7.396143021508859,411.3197346394663,0.0018923471684834641,250.66049458661274,7.141150080489225,249.66049458661328,0.0014748026272045794,439.4727509454997,7.386238277309266,438.4727509455009
/content/drive/MyDrive/dataset_fix/train/naik/naik.36.jpg,0.0014670347944212108,300.71413631889635,7.228223320968738,299.71413631889857,0.0014259644118519122,343.7569595139148,7.2480323920300584,342.7569595139167,0.002048484626754387,162.4338705708639,6.964481801229962,161.43387057086483,0.0014202233748877842,357.580445160889,7.256853922660867,356.5804451608876
/content/drive/MyDrive/dataset_fix/train/naik/naik.37.jpg,0.003383330191953347,117.21819635826652,6.593068754021677,116.21819635826657,0.0029737917991553143,226.27112654225286,6.733426055994688,225.27112654225175,0.0034461779738989154,178.7170890748016,6.555539359669563,177.71708907480271,0.002994591766355098,220.11364622729295,6.734305701612997,219.11364622729155
/content/drive/MyDrive/dataset_fix/train/naik/naik.38.jpg,0.002234536085283107,240.65489665354144,6.857063873781028,239.65489665354403,0.0020571555806141615,309.6803893607791,6.944836318381851,308.6803893607757,0.002932567266501667,145.80296505905392,6.597636129370225,144.80296505905534,0.0020963972115805264,315.6771653543308,6.937855935225812,314.6771653543286
/content/drive/MyDrive/dataset_fix/train/naik/naik.39.jpg,0.0014307236256074474,350.98818897637943,7.488714713564458,349.9881889763828,0.0012508080072270024,481.09089218178394,7.620262592046394,480.0908921817811,0.001843179223467867,262.58692175196774,7.281695372149703,261.58692175197035,0.0013083125552449592,497.33343666687205,7.605030013551578,496.3334366668737
/content/drive/MyDrive/dataset_fix/train/naik/naik.4.jpg,0.0013242725460061195,286.3893946850369,7.527835955790256,285.38939468504,0.0012643101112353307,381.6338892677772,7.589451207422575,380.63388926777594,0.0016897550274593642,224.66123277558864,7.361394412540054,223.66123277558995,0.0012908684134684326,356.9356438712867,7.565211730279879,355.935643871284
/content/drive/MyDrive/dataset_fix/train/naik/naik.40.jpg,0.002791611967501195,154.78155757873918,6.808458219487969,153.7815575787412,0.0026057369369374946,187.88120776241456,6.846497060101878,186.88120776241377,0.003515680249133869,78.88059793307045,6.535702794855409,77.88059793307097,0.0025902109588336404,183.2853245706488,6.850827977322887,182.285324570648
/content/drive/MyDrive/dataset_fix/train/naik/naik.41.jpg,0.0029955077610349904,89.76144192913289,6.607875318015761,88.76144192913362,0.002780095708371822,113.57461714923508,6.653336805655774,112.57461714923377,0.0037976116601646766,53.996309055118125,6.372866169103504,52.99630905511814,0.0026387012907947175,126.45309690619473,6.718905710748982,125.45309690619364
/content/drive/MyDrive/dataset_fix/train/naik/naik.42.jpg,0.001372965575521044,139.1008858267711,7.158486130871972,138.10088582677218,0.0012891155424569868,170.69440138880364,7.208339158396436,169.69440138880117,0.0015872262579486414,84.08476870078688,7.0058369302630705,83.08476870078685,0.0012534469237826561,178.4680389360781,7.246746920575327,177.46803893607668
/content/drive/MyDrive/dataset_fix/train/naik/naik.43.jpg,0.0018034074154086193,119.01906988188875,6.919190098453708,118.01906988188945,0.0016869826659238907,146.2945625891256,6.9816632721368785,145.29456258912526,0.0019852527498023824,76.16295521653493,6.82795374217884,75.16295521653517,0.0016487251028937868,155.3901667803341,7.011860143517294,154.3901667803332
/content/drive/MyDrive/dataset_fix/train/naik/naik.44.jpg,0.002415885691146398,113.38502706692815,6.6547491129918335,112.3850270669292,0.0021408628594428666,135.2034224068456,6.7481488556697435,134.2034224068448,0.0026937320720344716,62.10334645669311,6.539349214955793,61.10334645669265,0.0020741076884224427,147.69080538161117,6.7796964035153575,146.6908053816106
/content/drive/MyDrive/dataset_fix/train/naik/naik.45.jpg,0.0031497058233373176,86.81754429133773,6.64243408501228,85.81754429133787,0.0023015523122002193,184.09882819765588,6.930421896270821,183.0988281976561,0.002442566103393855,140.40563484251882,6.844134225161034,139.40563484252004,0.0023936664526564115,175.08140616281233,6.8630471987914135,174.08140616281077
/content/drive/MyDrive/dataset_fix/train/naik/naik.46.jpg,0.001779839497178997,148.1255536417298,7.117069225477755,147.1255536417322,0.0015457727610848169,226.4191828383652,7.259179943896336,225.41918283836532,0.002051964186936197,133.12241633858173,6.929070077850163,132.1224163385831,0.0015854564538194313,225.46159092318334,7.172188863137053,224.46159092318092
/content/drive/MyDrive/dataset_fix/train/naik/naik.47.jpg,0.0020597293391852603,76.84928641732263,6.880963632656733,75.84928641732259,0.0013709123456438661,221.2630665261324,7.255231470767439,220.26306652613033,0.0014898269542633052,176.1639394685022,7.144021083033045,175.16393946850465,0.0014132387989495086,215.49221898443705,7.206892286346978,214.49221898443648
/content/drive/MyDrive/dataset_fix/train/naik/naik.48.jpg,0.0019167627446583487,86.2981053149604,6.95708715378432,85.29810531496031,0.001632117034461579,110.8784797569608,7.101905097533928,109.87847975695936,0.0020628645383267666,68.1281988188974,6.809238051374002,67.12819881889759,0.0016844148636526975,137.42389484779076,7.018659871958789,136.42389484778954
/content/drive/MyDrive/dataset_fix/train/naik/naik.49.jpg,0.003197710130771815,100.01765501968485,6.547631279992839,99.01765501968494,0.002412919203667206,150.486824973651,6.772358849092857,149.48682497364936,0.0026463635080590264,104.19223671259782,6.710468083697051,103.19223671259797,0.0024126904847523254,167.57362514725085,6.821018202135034,166.57362514724923
/content/drive/MyDrive/dataset_fix/train/naik/naik.5.jpg,0.0018194618298416523,183.0300812007861,6.89259722939778,182.0300812007868,0.0016928140372493591,250.97619195238258,6.969167349925369,249.97619195238346,0.0020763797631110745,143.3657111220464,6.766648101158116,142.36571112204686,0.0016639992979905157,255.20627441254805,6.982717461056109,254.20627441254874
/content/drive/MyDrive/dataset_fix/train/naik/naik.50.jpg,0.001399888175752925,71.918184055118,7.302847401080005,70.91818405511765,0.0011488743294927278,182.0768801537614,7.541324981709139,181.0768801537595,0.0013742900410605567,139.11835629921097,7.33380781295078,138.11835629921254,0.001237013758050089,164.18308636617397,7.400917304454986,163.18308636617175
/content/drive/MyDrive/dataset_fix/train/naik/naik.51.jpg,0.0013947814150511782,148.88773375984053,7.472004540518307,147.8877337598425,0.0012212340749313466,246.15252030504,7.580025243951001,245.1525203050406,0.0013189841443160088,203.60119340551012,7.534636013612812,202.60119340551236,0.0012474022096037815,258.4228408456808,7.615637324447916,257.42284084568024
/content/drive/MyDrive/dataset_fix/train/naik/naik.52.jpg,0.0013847325057931947,145.61122047243913,7.4889941360394285,144.61122047244007,0.0012038841115315706,240.08320416640734,7.602818596527759,239.08320416640692,0.001289789139636943,197.92661171259846,7.55901570487965,196.9266117126003,0.001210591918362759,258.63116126232103,7.649095554159444,257.631161262321
/content/drive/MyDrive/dataset_fix/train/naik/naik.53.jpg,0.0015182310638059253,184.3412278543303,7.3514880068658135,183.34122785433274,0.0013026445545729673,308.3391406782825,7.470552528362894,307.33914067827925,0.0014217702385600618,233.98646653543224,7.408635832564327,232.9864665354354,0.0013229467217815455,322.0815301630626,7.520676318553014,321.0815301630587
/content/drive/MyDrive/dataset_fix/train/naik/naik.54.jpg,0.001334624190244534,149.7755905511789,7.496690405252858,148.7755905511802,0.0011804260076992259,243.7415834831664,7.598823581539484,242.74158348316544,0.0012584598533455541,198.82800196850178,7.560363012784116,197.82800196850417,0.0011922617310420856,250.37286874573752,7.637382667429583,249.37286874573766
/content/drive/MyDrive/dataset_fix/train/naik/naik.55.jpg,0.0014143248501341345,144.31859005905275,7.456253825245561,143.31859005905412,0.0012245553042162353,232.16467232934366,7.576379656143619,231.16467232934352,0.0013052002422364887,191.39579232283373,7.531936260034287,190.39579232283538,0.0012532201268754253,244.51584103168128,7.610718435721028,243.5158410316816
/content/drive/MyDrive/dataset_fix/train/naik/naik.56.jpg,0.0011435321942909959,221.5974409448806,7.602014209239608,220.59744094488408,0.001019824967295762,343.16746233492876,7.697292598456163,342.1674623349242,0.0011349761469054687,223.97896161417086,7.584676597504516,222.97896161417336,0.0010224561958206576,344.2136524273091,7.74380833976284,343.21365242730474
/content/drive/MyDrive/dataset_fix/train/naik/naik.57.jpg,0.0011918714022975364,207.44937253936857,7.559299626720877,206.449372539372,0.0010692686150701426,336.3708847417734,7.6475908689535235,335.3708847417697,0.001179631448618413,225.9997539370071,7.55801595323883,224.9997539370103,0.001054586398341333,334.15357430715426,7.702351636519018,333.1535743071502
/content/drive/MyDrive/dataset_fix/train/naik/naik.58.jpg,0.0012203152458063222,213.97219488188867,7.5631920911642005,212.97219488189063,0.001103468819870812,336.8752557505143,7.659412064436472,335.87525575051046,0.0011956707263024446,235.2169660433063,7.579881195971037,234.21696604330882,0.0010709830459278518,343.59768119536636,7.712548986944446,342.5976811953629
/content/drive/MyDrive/dataset_fix/train/naik/naik.59.jpg,0.0012311796474179348,208.0394315944865,7.549626198477484,207.03943159448878,0.0011021118824430683,335.5121830243696,7.650191926971166,334.5121830243658,0.0012083761350140442,232.01082677165184,7.570444593112098,231.0108267716549,0.00109102382009086,338.1341682683413,7.6967395643992464,337.1341682683369
/content/drive/MyDrive/dataset_fix/train/naik/naik.6.jpg,0.0018645655577444436,241.88785679133596,6.945801517796375,240.88785679133738,0.0017395399661528763,311.14737429474764,7.009860879388762,310.14737429474764,0.0021362266845626845,165.623769685038,6.812065756430812,164.62376968503844,0.00173066029063421,312.8109616219212,7.0177664789332495,311.81096162192244
/content/drive/MyDrive/dataset_fix/train/naik/naik.60.jpg,0.0012551808550883149,202.35851377952721,7.526639686728401,201.3585137795298,0.0011195137400504358,321.67065534131194,7.624707426021057,320.67065534131046,0.0012359723205774998,218.88219734251842,7.536899151304057,217.8821973425212,0.0011040627202464175,324.64176328352966,7.677701539405979,323.6417632835251
/content/drive/MyDrive/dataset_fix/train/naik/naik.7.jpg,0.0012031974747544068,247.39868356298902,7.494558761312608,246.3986835629897,0.0011047815511217303,362.2903465806914,7.569654675371154,361.29034658069133,0.0013646233347155015,249.97570127952463,7.395147347670064,248.9757012795256,0.0011502331889281028,344.01636803273436,7.539923272483935,343.01636803273607
/content/drive/MyDrive/dataset_fix/train/naik/naik.8.jpg,0.00192266607677749,170.35303887795206,7.091024633193444,169.353038877952,0.0017268873895426322,195.94097588195177,7.164971698702737,194.94097588195166,0.0017734688179337546,148.2119217519691,7.144229236820875,147.21192175196836,0.0017426882147458637,201.77766755533517,7.164700402350793,200.77766755533568
/content/drive/MyDrive/dataset_fix/train/naik/naik.9.jpg,0.001091913988027261,261.0088582677136,7.59224657803337,260.00885826771537,0.0009809888799515514,405.53351106701894,7.692364637734414,404.53351106701916,0.0011899490351715844,300.19334399606174,7.557300200487891,299.19334399606424,0.000995155998619967,386.485646971293,7.684312552891397,385.48564697129206
/content/drive/MyDrive/dataset_fix/train/puing/puing.1.jpg,0.0005420488746251101,738.8150836614158,8.360881573819501,737.8150836614217,0.0005218519954058647,972.0150040300126,8.440331839669218,971.0150040300072,0.0008353896102323719,532.5790477362187,8.093534905770909,531.579047736224,0.0005279216956846452,984.9473618947234,8.432638606144238,983.9473618947176
/content/drive/MyDrive/dataset_fix/train/puing/puing.10.jpg,0.0005373867559258415,635.932701771647,8.480979301837522,634.9327017716546,0.0005192053908194231,944.8928637857275,8.578296835440938,943.89286378573,0.0006677652515462329,644.5460752952749,8.371036423266288,643.5460752952803,0.0004957588190332686,1028.3380246760512,8.596782694080995,1027.3380246760512
/content/drive/MyDrive/dataset_fix/train/puing/puing.11.jpg,0.0005385636381624188,647.352362204722,8.462588586718526,646.352362204727,0.0005216886247523808,959.8680637361325,8.560004509276578,958.8680637361324,0.0006704198589062251,646.8394438976313,8.341842200636258,645.8394438976381,0.0004864428477694115,1033.7292454584958,8.588533804631641,1032.7292454584974
/content/drive/MyDrive/dataset_fix/train/puing/puing.12.jpg,0.0005587901190450662,637.1745816929049,8.429067820575725,636.1745816929124,0.0005394249116974581,929.1042842085706,8.52513941890134,928.1042842085709,0.0006931647164076508,597.3786909448772,8.296127997827169,596.3786909448822,0.0005133797855170693,984.8479136958252,8.547860708220593,983.8479136958293
/content/drive/MyDrive/dataset_fix/train/puing/puing.13.jpg,0.0005801405035427098,631.6710137795228,8.39991824499082,630.6710137795303,0.0005528981855904988,959.3184946369907,8.49382912653989,958.318494636991,0.0007124394741954455,640.263718011807,8.270594576468586,639.2637180118131,0.0005249022216067517,1018.816603633209,8.518389242660962,1017.81660363321
/content/drive/MyDrive/dataset_fix/train/puing/puing.14.jpg,0.0006121906775063384,628.86884842519,8.340076679844753,627.8688484251975,0.0005828392213545147,894.8691797383543,8.44041657207462,893.8691797383626,0.000759984002878244,566.0770792322818,8.20949562010586,565.077079232286,0.0005551315585239935,963.4611569223126,8.462364186721203,962.4611569223158
/content/drive/MyDrive/dataset_fix/train/puing/puing.15.jpg,0.0004349904329691104,698.608206200786,8.641562115707547,697.6082062007933,0.00040472869091304935,941.0490420980835,8.744751256007577,940.0490420980847,0.0005318864397494666,612.2052780511732,8.520661658801124,611.2052780511799,0.0003845303121196249,993.2117304234608,8.751677686799182,992.211730423462
/content/drive/MyDrive/dataset_fix/train/puing/puing.16.jpg,0.0009610132745656988,497.8434424212569,8.005092191486343,496.8434424212621,0.0005955052520185872,991.6606733213486,8.34723454306782,990.6606733213451,0.0006277645001578888,752.7221333661416,8.272191782881029,751.7221333661486,0.0006044483537909641,924.0224440448873,8.348150393485083,923.022444044885
/content/drive/MyDrive/dataset_fix/train/puing/puing.17.jpg,0.0004774565823545476,427.46918061023104,8.30505157671955,426.46918061023496,0.0003933811575229733,831.1014942029856,8.494850358627723,830.1014942029868,0.0004110403118266949,703.8141609251925,8.447505518297737,702.8141609251995,0.0003856700626786249,763.5398970797951,8.5045664064474,762.5398970797894
/content/drive/MyDrive/dataset_fix/train/puing/puing.18.jpg,0.00032666050439519493,733.1930364173141,8.702272870629985,732.1930364173217,0.000302798857194122,838.5873891747818,8.786681695391222,837.5873891747749,0.00039029728938360834,495.8043799212546,8.563369198033424,494.80437992125945,0.0002956951167792064,888.1661603323246,8.789303154644854,887.1661603323153
/content/drive/MyDrive/dataset_fix/train/puing/puing.19.jpg,0.00032545145656694846,639.2351747047153,8.651484096539205,638.2351747047226,0.0002903730774911273,874.8232376464787,8.781133120986997,873.8232376464758,0.00038531919104850526,580.634165846452,8.577074989371154,579.6341658464563,0.000289936781745959,915.034534069071,8.783544433285416,914.0345340690723
/content/drive/MyDrive/dataset_fix/train/puing/puing.2.jpg,0.0005745266617486599,566.0912893700759,8.28091855582527,565.0912893700835,0.0005446143324551234,785.8186496373062,8.386714701483024,784.818649637297,0.0008049477158525004,413.47225639763747,8.051915937590609,412.4722563976418,0.000547904809617021,741.9443238886516,8.354731874659668,740.9443238886453
/content/drive/MyDrive/dataset_fix/train/puing/puing.20.jpg,0.0003968515017107911,785.3619586614157,8.639398334980223,784.3619586614234,0.0003696751146989997,1176.3917787835674,8.759517595869337,1175.3917787835635,0.00048540715977913446,693.6435777558956,8.514383938325985,692.6435777559033,0.0003741899107581871,1087.0453840907735,8.722853130899617,1086.0453840907728
/content/drive/MyDrive/dataset_fix/train/puing/puing.21.jpg,0.0006493835619507032,504.8594980314914,8.270584564959696,503.8594980314983,0.0004902368909455704,972.6683613367304,8.496767832998412,971.6683613367259,0.00048476384794563524,883.6685531496059,8.494968829532507,882.6685531496155,0.00044080093120197445,1001.5726331452702,8.554052472779233,1000.5726331452618
/content/drive/MyDrive/dataset_fix/train/puing/puing.22.jpg,0.0004231648477945096,780.0081200787357,8.613832309673827,779.0081200787441,0.0003899657498614723,1157.7093434186877,8.734657496841258,1156.7093434186877,0.0005354889860170284,665.3596210629873,8.465408904913307,664.3596210629926,0.0004023261813030621,1076.6593093186207,8.686102916708107,1075.6593093186166
/content/drive/MyDrive/dataset_fix/train/puing/puing.23.jpg,0.0008144119681793959,772.0054133858198,8.205347238247892,771.0054133858289,0.0007785707182797261,980.7247194494375,8.27206390212131,979.7247194494403,0.0011704207368376583,501.55234990157186,7.958753205228175,500.5523499015758,0.0007719936079713086,947.0367660735362,8.250448358591665,946.0367660735366
/content/drive/MyDrive/dataset_fix/train/puing/puing.24.jpg,0.0005919528440620503,872.249200295273,8.392732312014305,871.2492002952799,0.0005770578222288527,1057.8631037262112,8.427542075474072,1056.8631037262023,0.0007568450195496314,540.1711983267708,8.19081752781189,539.1711983267758,0.0005507013308030053,854.9191518383093,8.442751215902229,853.9191518383033
/content/drive/MyDrive/dataset_fix/train/puing/puing.25.jpg,0.0007959754078687736,742.6205093503906,8.189196270617067,741.6205093503991,0.0007652492829940421,947.0551181102414,8.247198962091623,946.0551181102412,0.001179693887708181,491.97244094488,7.93126935267492,490.9724409448834,0.0007653319293246243,924.4681009362047,8.249752483836593,923.4681009362031
/content/drive/MyDrive/dataset_fix/train/puing/puing.26.jpg,0.0010728133028532543,685.0134719488162,8.075813157372862,684.0134719488211,0.0010295157300587914,908.106392212783,8.136469011141772,907.1063922127862,0.0016247029564372421,467.02109990157254,7.788037756685685,466.0210999015761,0.0010391276905065945,874.9850579701184,8.129515745928252,873.9850579701192
/content/drive/MyDrive/dataset_fix/train/puing/puing.27.jpg,0.0008347065644326334,664.2255782480213,8.519767622334067,663.225578248031,0.0006569825899277167,997.730361460725,8.652303699363644,996.7303614607226,0.000757948110134474,618.5086737204631,8.46086171132434,617.508673720468,0.0006559158756608669,982.1855663711306,8.637755341457545,981.1855663711306
/content/drive/MyDrive/dataset_fix/train/puing/puing.28.jpg,0.0009751812716517042,723.9058809055063,8.130829273560915,722.9058809055131,0.0009409342397331884,936.97668795338,8.192000409062793,935.9766879533718,0.001452571630729296,499.7092150590551,7.871767106741918,498.70921505905926,0.0009435270281043275,913.9900179800376,8.186597866034203,912.9900179800342
/content/drive/MyDrive/dataset_fix/train/puing/puing.29.jpg,0.0009774593523797605,157.45029527558944,7.80401041366626,156.45029527558938,0.000826005868020155,244.55669911339626,7.932842752456828,243.55669911339737,0.0008622573397491853,227.80647145669099,7.901688755150392,226.80647145669187,0.0008282892131535283,265.0954181908345,7.958053508006949,264.09541819083483
/content/drive/MyDrive/dataset_fix/train/puing/puing.3.jpg,0.0006772332880604735,496.53734005905187,8.091818403062364,495.5373400590565,0.0006060859043411512,626.8024056048125,8.203666098419518,625.8024056048107,0.000970638354851073,280.74132627952713,7.804565000566651,279.7413262795282,0.0006174315157235468,626.8031496062979,8.222099313243183,625.8031496062999
/content/drive/MyDrive/dataset_fix/train/puing/puing.30.jpg,0.0004586889056590336,519.4162770669224,8.36159467646068,518.4162770669278,0.0003487021668072056,1093.2188604377207,8.612648396746323,1092.2188604377127,0.0003740952916475861,971.1907603346426,8.553170651447125,970.1907603346513,0.0003524962099833443,1057.9448198896412,8.601582143285755,1056.9448198896407
/content/drive/MyDrive/dataset_fix/train/puing/puing.31.jpg,0.0008560777619601858,673.2153666338552,8.493560367911032,672.2153666338633,0.000678026652103854,981.9107198214473,8.617899569559773,980.9107198214405,0.0007713138595222239,609.9774237204699,8.403244630153374,608.9774237204746,0.0006617049628171552,965.970301940612,8.590665183572128,964.9703019406081
/content/drive/MyDrive/dataset_fix/train/puing/puing.32.jpg,0.0020649193520067373,371.2926304133852,7.575546982586503,370.2926304133881,0.0012185125120451605,804.5129890259814,7.991233889980115,803.5129890259802,0.0012318740457794325,691.414247047241,7.951204191349906,690.4142470472476,0.0012337617210419368,814.3343046686131,7.994430941280836,813.3343046686091
/content/drive/MyDrive/dataset_fix/train/puing/puing.33.jpg,0.00045889892805173134,644.8506397637767,8.462492209987765,643.8506397637842,0.0004216212164830545,1053.6456072912101,8.579007298932002,1052.6456072912113,0.0004927768644599634,712.0761564960541,8.443313659492887,711.076156496062,0.00041991447365608854,987.3124806249638,8.58830324955943,986.312480624964
/content/drive/MyDrive/dataset_fix/train/puing/puing.34.jpg,0.0003406241553693781,726.6029773622032,8.5636470162688,725.6029773622096,0.0002889161956636683,1226.824601649211,8.732487917227054,1225.8246016492005,0.0003393507763577772,928.0122416338506,8.59628539973633,927.0122416338619,0.00029119954079704036,1350.4260648521351,8.733575300242292,1349.4260648521274
/content/drive/MyDrive/dataset_fix/train/puing/puing.35.jpg,0.0004689213479989158,630.2693159448784,8.453008289819568,629.269315944885,0.0004252019168058376,1053.8625457250955,8.578878233328645,1052.8625457250857,0.0004890759293237049,738.6728592519634,8.45178760390544,737.6728592519718,0.00041870360881263424,1029.9990079980169,8.591574079250375,1028.999007998014
/content/drive/MyDrive/dataset_fix/train/puing/puing.36.jpg,0.0005442020771736768,608.7904773622015,8.255603332553584,607.7904773622074,0.00045929064516064534,1117.4904209808435,8.462642180935228,1116.4904209808396,0.0005605592265872123,810.5780019684994,8.281199994160044,809.5780019685067,0.00047310411441445313,1154.50034100069,8.431088669645156,1153.5003410006798
/content/drive/MyDrive/dataset_fix/train/puing/puing.37.jpg,0.0004936661484650882,720.9490649606283,8.355950487779818,719.9490649606361,0.0004501726406887403,1213.2883625767283,8.50126257033429,1212.288362576726,0.0005242121079945362,857.8072096456642,8.340478605471214,856.8072096456709,0.0004562942351750892,1277.776241552492,8.497343027906672,1276.7762415524799
/content/drive/MyDrive/dataset_fix/train/puing/puing.38.jpg,0.0004358986379105322,677.120017224408,8.40892784275699,676.1200172244145,0.0003752450929788487,1185.1950523901164,8.601065610636114,1184.1950523900996,0.0004535651161145818,865.7781126968463,8.440266076814094,864.778112696853,0.0003781838427338339,1258.9815239630548,8.593697947456713,1257.9815239630443
/content/drive/MyDrive/dataset_fix/train/puing/puing.39.jpg,0.00032864341851727844,751.2714689960609,8.600726990824432,750.2714689960678,0.00029111497245874095,1055.8474796949642,8.723512525657723,1054.8474796949647,0.00034610555060951315,696.6043922244038,8.55650087028943,695.604392224412,0.00029902787811031823,1060.7236034472123,8.698886987970578,1059.7236034472087
/content/drive/MyDrive/dataset_fix/train/puing/puing.4.jpg,0.0006004918626048424,563.864111712598,8.260161477197547,562.8641117126028,0.0005670210980820941,785.3868807737596,8.366715980249191,784.3868807737549,0.0009054576214621588,420.628813976375,8.014244737518295,419.6288139763799,0.0005809691078740827,735.5863971727963,8.323792664153656,734.5863971727921
/content/drive/MyDrive/dataset_fix/train/puing/puing.40.jpg,0.0004080394513327885,643.3541461614133,8.538222237111977,642.3541461614207,0.000313821571285087,1103.0230020460108,8.746541665535238,1102.0230020459999,0.0003781632929476554,765.6871924212553,8.570320853379478,764.6871924212625,0.00032448102592284243,1154.8516957033921,8.710253189075834,1153.851695703388
/content/drive/MyDrive/dataset_fix/train/puing/puing.41.jpg,0.0004910834406629487,858.8950541338569,8.358901239185618,857.8950541338663,0.00046226206904631,1045.6196292392542,8.426197653833917,1044.6196292392574,0.0005509227937402115,619.2992741141677,8.24178408861868,618.2992741141732,0.00045063584454145983,1172.3933907867877,8.447428946630174,1171.3933907867802
/content/drive/MyDrive/dataset_fix/train/puing/puing.42.jpg,0.0004278742688344457,927.9104330708665,8.486891626889134,926.9104330708781,0.00039859172036516504,1112.7727695455396,8.54642685797254,1111.772769545533,0.0004779106848252476,699.5044906495971,8.38165430040802,698.5044906496033,0.0004014901079587019,1246.6794593589177,8.55647992907708,1245.679459358915
/content/drive/MyDrive/dataset_fix/train/puing/puing.43.jpg,0.0005088010053949582,501.22274852362125,8.319455102421978,500.22274852362546,0.00038367501869844025,1067.3888647777292,8.57875309490265,1066.388864777733,0.00040079651692503633,907.0711737204664,8.524981747664421,906.071173720476,0.00037446860187285644,1040.9830739661475,8.593893119017727,1039.9830739661447
/content/drive/MyDrive/dataset_fix/train/puing/puing.44.jpg,0.00036983618889110237,659.9050196850367,8.487179525467885,658.9050196850435,0.00031454424617576455,1185.3679707359445,8.675261731369295,1184.3679707359347,0.0003649981054844684,915.1958661417298,8.53528090087859,914.1958661417389,0.0003167007388017285,1294.9879099758252,8.669779316443,1293.9879099758207
/content/drive/MyDrive/dataset_fix/train/puing/puing.45.jpg,0.0005073705826122366,466.15243602361255,8.361860950319866,465.1524360236191,0.0003424037476135787,1113.9105958211937,8.658599098772163,1112.9105958211892,0.0003607446790088606,1045.6933439960565,8.610459664618528,1044.6933439960662,0.00034641305565079306,1117.1746543493114,8.654989997035623,1116.1746543493111
/content/drive/MyDrive/dataset_fix/train/puing/puing.46.jpg,0.000372557019528075,592.0919660433,8.503047320285484,591.091966043307,0.0003113594794367201,1164.909851819702,8.711045253541727,1163.9098518196972,0.00036122716288398456,879.3133612204728,8.572645596367984,878.3133612204799,0.0003215595742370196,1152.8812077624216,8.675778350099824,1151.8812077624223
/content/drive/MyDrive/dataset_fix/train/puing/puing.47.jpg,0.0004679828695594649,868.063299704721,8.318185883134841,867.0632997047295,0.00043945552582024016,1035.974083948169,8.373367260673017,1034.9740839481658,0.0005069486457333039,680.6952509842502,8.238393803234489,679.6952509842552,0.00042907091828185104,1159.9315518631008,8.399018650801144,1158.931551863101
/content/drive/MyDrive/dataset_fix/train/puing/puing.48.jpg,0.00035041763198758277,620.0882135826723,8.53057355204168,619.0882135826799,0.0002990932263717498,1187.239196478399,8.717083016597185,1186.2391964783894,0.0003429381858763463,898.4768700787378,8.594566366992652,897.476870078744,0.00030604320617163975,1188.0747101494271,8.703210985613772,1187.07471014942
/content/drive/MyDrive/dataset_fix/train/puing/puing.49.jpg,0.00037622957325990147,600.626414862201,8.490841388061934,599.6264148622097,0.0003075289181144219,1123.638601277204,8.692425771712406,1122.638601277198,0.0003523116177091457,868.5581323818857,8.57824456347057,867.5581323818939,0.0003215557302216108,1169.7399094798238,8.676005073230312,1168.739909479816
/content/drive/MyDrive/dataset_fix/train/puing/puing.5.jpg,0.0005144507969679826,597.4929872047175,8.26411616081531,596.4929872047228,0.00046834522337893585,704.223634447268,8.358179803267214,703.2236344472699,0.0007217693878748412,314.42150590550796,7.984940567095311,313.4215059055092,0.0004727696850767638,722.1245582491242,8.36962547975465,721.1245582491174
/content/drive/MyDrive/dataset_fix/train/puing/puing.50.jpg,0.0003719874993460684,619.4652436023574,8.492492279295542,618.4652436023645,0.0003132295929171542,1161.7721495443002,8.699679552386662,1160.7721495442986,0.0003618307407513017,880.9573080708625,8.556602942116854,879.9573080708687,0.0003227665950651248,1174.7624155248373,8.67174919543777,1173.7624155248322
/content/drive/MyDrive/dataset_fix/train/puing/puing.51.jpg,0.000335320616930283,672.6526205708665,8.628291499954308,671.6526205708751,0.0002900905423610163,1054.6359972720054,8.814580905223353,1053.6359972719958,0.00032745896790620325,753.4145546259821,8.720727066116398,752.4145546259916,0.0002758561534235196,1112.779465558945,8.850246135698285,1111.7794655589337
/content/drive/MyDrive/dataset_fix/train/puing/puing.52.jpg,0.00032153293066350256,692.4349778543273,8.655186745040737,691.4349778543346,0.0002791696946776722,1067.701655403317,8.828485314676033,1066.7016554033091,0.00032038442983134516,747.3132997047198,8.73700791399095,746.3132997047283,0.0002679663118641873,1115.990265980539,8.86409618758623,1114.9902659805246
/content/drive/MyDrive/dataset_fix/train/puing/puing.53.jpg,0.0002386100353255242,714.0284202755862,8.76681846674124,713.0284202755956,0.000197895677581933,1085.8977617955384,8.9625997832522,1084.8977617955245,0.0002274674959506002,748.4075418307057,8.846553709284164,747.4075418307115,0.00019728640114483043,1148.1221402442923,8.971066893970136,1147.1221402442786
/content/drive/MyDrive/dataset_fix/train/puing/puing.54.jpg,0.0002401596600068039,702.8040723425157,8.781684158454496,701.804072342527,0.0002015282721122946,1047.4747349494755,8.96562793898885,1046.4747349494705,0.00022514022078823595,731.2810039370047,8.872510206282293,730.2810039370114,0.00019898545594103915,1102.0997581995223,8.98445624672883,1101.0997581995198
/content/drive/MyDrive/dataset_fix/train/puing/puing.55.jpg,0.00023499802858978897,718.0270054133825,8.79173663505442,717.0270054133933,0.00019407857031351742,1065.8056296112584,8.980383158197712,1064.8056296112643,0.00022313838572987933,735.6927903543229,8.876316465697698,734.6927903543325,0.0001912070908276101,1129.5126170252383,8.997257970514637,1128.5126170252368
/content/drive/MyDrive/dataset_fix/train/puing/puing.56.jpg,0.00034828335037528343,740.1484990157451,8.623072503841204,739.1484990157553,0.00031737536350018677,1078.4718209436523,8.772297278700238,1077.471820943647,0.00037135743216797773,728.6632627952722,8.65052806778991,727.6632627952786,0.0002873997315977782,1127.0936821873727,8.814947743454487,1126.0936821873568
/content/drive/MyDrive/dataset_fix/train/puing/puing.57.jpg,0.0003630378964859375,718.8929010826722,8.594429428773063,717.8929010826786,0.00032588024751968635,1039.0115320230716,8.73945682782066,1038.0115320230695,0.00038281973536602167,696.013410433072,8.62302897446207,695.0134104330781,0.0002962967051856349,1094.3143406286952,8.794286975084127,1093.3143406286845
/content/drive/MyDrive/dataset_fix/train/puing/puing.58.jpg,0.00035198050132427295,709.4224286417319,8.595492830702682,708.4224286417403,0.000328157826629991,1088.6746233492534,8.728467973822543,1087.6746233492513,0.0003779967887084099,740.6406250000001,8.619511427533817,739.6406250000068,0.00029610834843220784,1159.1781883563874,8.782526083662546,1158.178188356367
/content/drive/MyDrive/dataset_fix/train/puing/puing.59.jpg,0.00036548248145323224,706.2634719488193,8.58603579192548,705.263471948829,0.0003328955755809705,1090.1033542067105,8.732858964203281,1089.1033542067034,0.0003925413124263634,748.9722563976368,8.615295076812115,747.9722563976433,0.0003017744270965013,1150.5921631843344,8.779565914641351,1149.5921631843266
/content/drive/MyDrive/dataset_fix/train/puing/puing.6.jpg,0.0004913899598306813,615.5523499015658,8.506503419640625,614.552349901574,0.00045910036639958026,1055.3024986050077,8.64667369287515,1054.3024986050043,0.0005921685427356091,755.7814960629895,8.432060104790777,754.781496062995,0.00043121587886174703,1147.997209994424,8.67224668504821,1146.9972099944187
/content/drive/MyDrive/dataset_fix/train/puing/puing.60.jpg,0.000341439647723035,706.9576156496049,8.596277741543608,705.9576156496153,0.00031656619826352697,1056.7843015686144,8.74754150518562,1055.7843015686021,0.0003716052964332379,710.5014763779506,8.616652257234136,709.5014763779561,0.00028825694702663607,1114.625147250305,8.794710088478958,1113.6251472502945
/content/drive/MyDrive/dataset_fix/train/puing/puing.7.jpg,0.0006739069874624023,649.7387426181083,8.327348307655427,648.7387426181156,0.0006461732186902589,936.6206212412453,8.409377886965613,935.620621241244,0.000869331877824015,592.1138656496059,8.161286381919176,591.1138656496089,0.0006380392821545559,988.6335172670347,8.4175962574666,987.6335172670362
/content/drive/MyDrive/dataset_fix/train/puing/puing.8.jpg,0.0015979619971936035,376.07344980314826,7.611288078746824,375.07344980315116,0.0009506230804885216,940.5643871287779,8.054378639890997,939.5643871287745,0.000976742248894747,796.8411663385846,8.012114925098015,795.8411663385917,0.000964886299541344,863.4619009238044,8.053209853213591,862.4619009238024
/content/drive/MyDrive/dataset_fix/train/puing/puing.9.jpg,0.0005434206425053346,606.1620939960593,8.441077672224706,605.1620939960668,0.0005160878943494837,947.4451608903202,8.559435830573934,946.4451608903249,0.0006724500753689998,632.2859251968507,8.320281175783574,631.2859251968538,0.0004901311805227314,1026.9508339016786,8.5819738986241,1025.950833901677
/content/drive/MyDrive/dataset_fix/train/undakan/undakan.1.jpg,0.00026560831930256195,937.3347687007879,8.822886256200826,936.334768700795,0.0002506144264567062,1072.2015004030102,8.87174098519939,1071.2015004030025,0.0004937115587121797,273.61903297243776,8.225194141965718,272.619032972441,0.00025401061404143867,944.6438092876209,8.855508904155442,943.6438092876168
/content/drive/MyDrive/dataset_fix/train/undakan/undakan.10.jpg,0.0006078010202895485,328.12782972440715,8.162595201704752,327.1278297244074,0.0005727256169001727,374.38830677661423,8.253903990046311,373.38830677661497,0.00082713629782729,192.92888779527345,7.861688806034207,191.9288877952735,0.0005613742394947086,431.14154628309234,8.234203723017279,430.14154628309296
/content/drive/MyDrive/dataset_fix/train/undakan/undakan.11.jpg,0.0005712552318659374,338.57037401574445,8.223003118440566,337.5703740157464,0.0005353214252835553,401.24750449501005,8.313560665823278,400.24750449500795,0.0007674161466487071,214.2854330708635,7.946482276956434,213.2854330708637,0.0005264725018878967,459.1825283650563,8.304662516026806,458.1825283650573
/content/drive/MyDrive/dataset_fix/train/undakan/undakan.12.jpg,0.0005735106074704276,314.4480191929108,8.209359653829791,313.44801919291234,0.0005543858195410782,348.41670283340346,8.258206030554513,347.416702833405,0.0008827998002675662,118.74710875984145,7.7728375001184205,117.7471087598413,0.0005401994807957812,350.2360344720678,8.26965878625195,349.23603447206864
/content/drive/MyDrive/dataset_fix/train/undakan/undakan.13.jpg,0.000544603201022799,318.07191190944684,8.221412140254571,317.0719119094466,0.0005207372309468569,351.02622605245284,8.27562305680762,350.026226052453,0.0008355939563441621,127.56453001968411,7.792819187042422,126.56453001968356,0.0005037620590462384,357.52284704569365,8.288835556886736,356.52284704569314
/content/drive/MyDrive/dataset_fix/train/undakan/undakan.14.jpg,0.0007696847669086078,308.07837106298774,7.991111616194984,307.07837106299075,0.0007185291201136012,317.0582181164375,8.058084682166038,316.0582181164353,0.001044940871620033,120.70847687007793,7.653675466907291,119.70847687007755,0.000704396597583564,375.55310310620564,8.063624827040409,374.5531031062063
/content/drive/MyDrive/dataset_fix/train/undakan/undakan.15.jpg,0.0006866540222338366,324.36515748031167,8.079789055672547,323.365157480313,0.0006446087044322316,333.72354144708186,8.14219451841604,332.7235414470822,0.0009274607782614105,132.7455093503932,7.768198220406661,131.7455093503924,0.0006410798983170208,396.4464628929247,8.136207936835934,395.4464628929259
/content/drive/MyDrive/dataset_fix/train/undakan/undakan.16.jpg,0.0006718994761231755,410.0458907480288,8.14311146625873,409.0458907480296,0.0006418371693461016,394.5411990823979,8.19002707137391,393.54119908239613,0.0010204325828573624,136.45497047244046,7.698770600008241,135.45497047243921,0.0006245563982230852,482.44950089900175,8.19420435279226,481.4495008989984
/content/drive/MyDrive/dataset_fix/train/undakan/undakan.17.jpg,0.0006569803178668874,408.31200787401366,8.153459217422487,407.3120078740159,0.000622634390535062,391.2300204600407,8.195014632633091,390.2300204600406,0.0010158575004650127,131.281373031496,7.698139289726036,130.2813730314951,0.0006039716958843582,477.9383098766195,8.206893420139112,476.9383098766182
/content/drive/MyDrive/dataset_fix/train/undakan/undakan.18.jpg,0.00048077342248432887,358.22477854330594,8.272779254733342,357.2247785433068,0.0004644435477723215,364.04836009671953,8.30109371960977,363.0483600967182,0.0008602763177206046,116.0585629921254,7.706684071021525,115.05856299212479,0.0004562384969521574,390.8866017732012,8.323182420526376,389.886601773202
/content/drive/MyDrive/dataset_fix/train/undakan/undakan.19.jpg,0.0004932536720542063,378.79890501968373,8.252420420824254,377.79890501968384,0.00047484929739527687,363.40008680017314,8.284604416702827,362.4000868001745,0.0008761244939482078,127.1173105314955,7.706499385832275,126.1173105314947,0.00047090149360408477,417.4932109864212,8.290862020410653,416.49321098642133
/content/drive/MyDrive/dataset_fix/train/undakan/undakan.2.jpg,0.00026456199152631577,933.8841658464536,8.825369826496313,932.8841658464619,0.0002480946743777104,1080.6102052204153,8.880797633056785,1079.6102052204112,0.00048535607325120056,290.5020300196798,8.253111775786195,289.50203001968475,0.0002487769871069557,942.9252898505821,8.868285189006809,941.9252898505775
/content/drive/MyDrive/dataset_fix/train/undakan/undakan.20.jpg,0.0003613350122207815,297.8206200787388,8.546770358670727,296.82062007873947,0.0003483850355387545,398.00037200074337,8.634614702086363,397.00037200074104,0.0005363252914005728,146.86897145669153,8.155113396333826,145.86897145669244,0.0003254266537053386,381.3069006138034,8.656878230223203,380.3069006138003
/content/drive/MyDrive/dataset_fix/train/undakan/undakan.21.jpg,0.000362317008813682,293.3882258858263,8.545027987925188,292.38822588582474,0.0003438529414103926,381.9974579949178,8.63987819526367,380.9974579949125,0.0005328911414658669,133.48548228346252,8.143454351369897,132.48548228346334,0.00032249174796572554,371.5562651125324,8.658496919387892,370.5562651125286
/content/drive/MyDrive/dataset_fix/train/undakan/undakan.22.jpg,0.0002937834855161786,338.31674458661354,8.612147537463681,337.3167445866153,0.00026873319293169737,508.89050778101745,8.709871807698349,507.8905077810143,0.0004348144682617395,232.15674212598051,8.208327993424438,231.15674212598407,0.00026590784163030593,526.2575485150987,8.733853913528465,525.2575485150967
/content/drive/MyDrive/dataset_fix/train/undakan/undakan.23.jpg,0.0003229557850717114,260.83772145669224,8.525704703033462,259.8377214566939,0.00028080916723553925,420.18271436542807,8.690548138265966,419.1827143654269,0.00045460387551633455,203.98554379921012,8.21164023881516,202.98554379921333,0.00027417439669648395,426.1956103912231,8.713305253413536,425.1956103912185
/content/drive/MyDrive/dataset_fix/train/undakan/undakan.24.jpg,0.0003390215520665217,170.88447342519586,8.451917347331065,169.8844734251968,0.0002626904007605691,383.15338830677865,8.704173474669968,382.15338830677416,0.0003363139660849488,280.4988312007846,8.479701902145093,279.49883120078766,0.0002517849291387318,360.7252154504337,8.715591373558674,359.72521545042827
/content/drive/MyDrive/dataset_fix/train/undakan/undakan.25.jpg,0.00034361177120789373,154.41627706692765,8.466186920541828,153.41627706692796,0.00026241363165348404,318.02318804637684,8.712768418162382,317.02318804637264,0.00033493841401743216,238.1374876968474,8.476630466085203,237.137487696851,0.0002560863823445184,312.925785851575,8.706643165439022,311.92578585157116
/content/drive/MyDrive/dataset_fix/train/undakan/undakan.26.jpg,0.0003560371500625636,155.0580093503922,8.414194258097918,154.05800935039295,0.00027997693790664013,341.16095232190486,8.6614088182012,340.1609523219053,0.000381739349904465,252.31311515747825,8.37794721421357,251.31311515748195,0.00027430317121160316,340.9342178684397,8.655721727626094,339.93421786843527
/content/drive/MyDrive/dataset_fix/train/undakan/undakan.27.jpg,0.0003524308196077246,188.09990157480075,8.429182624332139,187.09990157480328,0.0003062084988327728,368.89838179676644,8.58104855160677,367.8983817967605,0.00041763047393281514,262.74317175196694,8.290982746924053,261.7431717519686,0.0003173772855078729,425.0491660983345,8.584623335550251,424.0491660983288
/content/drive/MyDrive/dataset_fix/train/undakan/undakan.28.jpg,0.00039355547461092925,107.40883366141634,8.319175645089807,106.40883366141651,0.00029961601246284483,222.13652427304783,8.615624918385292,221.1365242730459,0.0004026299556505164,147.19580462598117,8.331134353770324,146.19580462598338,0.0002931695986772297,226.87054374108823,8.595607609797064,225.87054374108425
/content/drive/MyDrive/dataset_fix/train/undakan/undakan.29.jpg,0.00043508503765053296,153.2838336614154,8.273326528405693,152.2838336614162,0.00036781268924927,328.8778597557206,8.46386262085285,327.87785975571705,0.0004892405414693561,252.77405265747709,8.20479479005489,251.77405265747996,0.0003748087972336786,386.18767437535035,8.468499422537894,385.1876743753446
/content/drive/MyDrive/dataset_fix/train/undakan/undakan.3.jpg,0.00031268928504652653,641.248769685034,8.693905003782806,640.2487696850424,0.00029306773226974977,863.9844379688826,8.792758537062397,862.9844379688792,0.0005298183814141072,328.8607283464536,8.23199461732892,327.86072834645813,0.0002863964435846208,868.7047554095178,8.803595504406577,867.7047554095158
/content/drive/MyDrive/dataset_fix/train/undakan/undakan.30.jpg,0.0005174554416491797,217.80942421259743,8.248723544505417,216.8094242125958,0.0004653392033549078,404.77927955855887,8.405392572565425,403.7792795585588,0.0006319725163864635,266.66627706692555,8.112570735000578,265.66627706692793,0.0004665423801676393,401.15878231756335,8.396503651332095,400.15878231756335
/content/drive/MyDrive/dataset_fix/train/undakan/undakan.31.jpg,0.0007659043638400145,289.5869217519654,8.057448402724939,288.58692175196603,0.0007091035944115391,492.3953127906248,8.184488490746686,491.39531279062567,0.0009456229849960044,317.1114665354306,7.9170491796937945,316.1114665354327,0.000700191244762166,519.0768181536323,8.215327528298664,518.0768181536378
/content/drive/MyDrive/dataset_fix/train/undakan/undakan.32.jpg,0.00034135261141614195,201.06766732283336,8.456799620243512,200.06766732283467,0.00028852410609527885,451.449562899124,8.687384162308858,450.44956289912244,0.0003475340812986155,332.30880905511447,8.516785566387115,331.3088090551168,0.0002905614342445861,413.2920825841638,8.678055017084459,412.29208258416315
/content/drive/MyDrive/dataset_fix/train/undakan/undakan.33.jpg,0.0005204165681769211,306.8900713582637,8.163438204762421,305.8900713582654,0.0003536052084193928,629.1085002170021,8.539226687934411,628.1085002169998,0.0003722637450157601,457.9068651574752,8.464804749333384,456.9068651574757,0.00035609228636769455,617.0013020026022,8.527688603842158,616.0013020026047
/content/drive/MyDrive/dataset_fix/train/undakan/undakan.34.jpg,0.000482671192393152,340.5528420275566,8.302417389925381,339.552842027557,0.0004392133528516276,568.9852439704882,8.470630609456402,567.9852439704882,0.0006003915816425574,344.00276820865787,8.181906474711678,343.0027682086609,0.00043341273364917325,554.5701531403056,8.499141792148757,553.570153140309
/content/drive/MyDrive/dataset_fix/train/undakan/undakan.35.jpg,0.0005185490717661238,214.88933316928953,8.297249715147704,213.88933316928998,0.0005032604150395967,382.382788765576,8.428026826619389,381.3827887655763,0.0006687377876709597,246.07757135826517,8.152567853530625,245.07757135826736,0.00047730754522821756,381.65366730733285,8.445414418617064,380.65366730733183
/content/drive/MyDrive/dataset_fix/train/undakan/undakan.36.jpg,0.0003399789514422594,176.59215059055063,8.481366213852375,175.59215059055052,0.00029619483877818325,410.7854795709579,8.715034044638566,409.78547957095617,0.00034403560018056266,327.447773129918,8.56294802458028,326.4477731299204,0.00029104001415890593,426.05183210366204,8.707973507053273,425.05183210366283
/content/drive/MyDrive/dataset_fix/train/undakan/undakan.37.jpg,0.00045321507879342147,334.27872785432777,8.351820326405113,333.2787278543298,0.00040000631802365375,582.9350238700467,8.532960775693061,581.9350238700489,0.0004701322879208119,429.64216289369796,8.401190663830457,428.64216289370245,0.00038231231524771253,573.1622543245079,8.588029133863765,572.1622543245078
/content/drive/MyDrive/dataset_fix/train/undakan/undakan.38.jpg,0.0005492028806323567,543.5512426181057,8.249794005187937,542.5512426181102,0.0005338645434560197,688.730609461214,8.298944918894374,687.7306094612173,0.0008838555885119931,243.22465551180738,7.817059282952752,242.22465551180977,0.000518146364583364,652.96639593279,8.328266861887599,651.9663959327912
/content/drive/MyDrive/dataset_fix/train/undakan/undakan.39.jpg,0.0003923142611910013,454.0254060039316,8.464785304546263,453.0254060039332,0.000378051224203366,582.8620497240962,8.52183926928871,581.8620497240998,0.0005570683138436813,254.49956938975978,8.109185551761994,253.49956938976229,0.000375648714593341,595.38390476781,8.52542454522543,594.3839047678094
/content/drive/MyDrive/dataset_fix/train/undakan/undakan.4.jpg,0.0005783070648172591,303.81206938976015,8.208539169742592,302.81206938976203,0.0005403282553108564,391.37609275218426,8.306950233865615,390.3760927521869,0.0007722126039955265,232.4126476377924,7.949246234053619,231.41264763779256,0.0005323480793901845,435.27937255874673,8.297178304368865,434.27937255874514
/content/drive/MyDrive/dataset_fix/train/undakan/undakan.40.jpg,0.0009427261896516137,229.03414124015535,7.705934963100092,228.03414124015615,0.0008562179068681967,266.60921321842875,7.812896282781716,265.6092132184263,0.0014044916395497,75.15858759842531,7.310860426686424,74.15858759842496,0.0008579035076105943,266.5535991072009,7.801510956278194,265.5535991071968
/content/drive/MyDrive/dataset_fix/train/undakan/undakan.41.jpg,0.0014615420466192652,175.24255659448775,7.40019645912311,174.24255659448653,0.001335416707661474,240.99113398226913,7.515662808078493,239.99113398226754,0.0022949884766956894,68.24901574803148,6.949435210232019,67.24901574803098,0.0013367121408431968,177.96738793477806,7.510781953401233,176.96738793477516
/content/drive/MyDrive/dataset_fix/train/undakan/undakan.42.jpg,0.0010425189917762847,129.69365157480303,7.747640625228879,128.69365157480263,0.0009591837027309706,244.01959203918648,7.906067501268944,243.01959203918457,0.001491768242325561,128.70533956692793,7.48851969058119,127.70533956692728,0.0009143701714770225,212.4772149544314,7.909374169295598,211.47721495442988
/content/drive/MyDrive/dataset_fix/train/undakan/undakan.43.jpg,0.0006272895846573545,407.66929133858144,8.237896394468024,406.66929133858196,0.0005985612442425293,516.3953747907493,8.30336931808588,515.3953747907487,0.0009027481433870025,217.85808316928913,7.8660323565800905,216.85808316928953,0.0005977559230212461,520.1205902411791,8.298806752518791,519.1205902411798
/content/drive/MyDrive/dataset_fix/train/undakan/undakan.44.jpg,0.00034135261141614195,201.06766732283336,8.456799620243512,200.06766732283467,0.00028852410609527885,451.449562899124,8.687384162308858,450.44956289912244,0.0003475340812986155,332.30880905511447,8.516785566387115,331.3088090551168,0.0002905614342445861,413.2920825841638,8.678055017084459,412.29208258416315
/content/drive/MyDrive/dataset_fix/train/undakan/undakan.45.jpg,0.0005174554416491797,217.80942421259743,8.248723544505417,216.8094242125958,0.0004653392033549078,404.77927955855887,8.405392572565425,403.7792795585588,0.0006319725163864635,266.66627706692555,8.112570735000578,265.66627706692793,0.0004665423801676393,401.15878231756335,8.396503651332095,400.15878231756335
/content/drive/MyDrive/dataset_fix/train/undakan/undakan.46.jpg,0.00043508503765053296,153.2838336614154,8.273326528405693,152.2838336614162,0.00036781268924927,328.8778597557206,8.46386262085285,327.87785975571705,0.0004892405414693561,252.77405265747709,8.20479479005489,251.77405265747996,0.0003748087972336786,386.18767437535035,8.468499422537894,385.1876743753446
/content/drive/MyDrive/dataset_fix/train/undakan/undakan.47.jpg,0.0003969082645196376,174.19100639763553,8.321378127697491,173.19100639763658,0.00032435032940002066,348.9641639283296,8.542650956633889,347.96416392832447,0.00041660685128009674,247.43171751968214,8.32193204833756,246.4317175196849,0.00031698327393182455,372.6867133734285,8.567259042680435,371.68671337342596
/content/drive/MyDrive/dataset_fix/train/undakan/undakan.48.jpg,0.00039355547461092925,107.40883366141634,8.319175645089807,106.40883366141651,0.00029961601246284483,222.13652427304783,8.615624918385292,221.1365242730459,0.0004026299556505164,147.19580462598117,8.331134353770324,146.19580462598338,0.0002931695986772297,226.87054374108823,8.595607609797064,225.87054374108425
/content/drive/MyDrive/dataset_fix/train/undakan/undakan.49.jpg,0.0003403895357595293,183.15526574803013,8.437947857906899,182.15526574803138,0.0002844782799119893,379.13720627441586,8.637819260271815,378.1372062744097,0.0003868044845464587,269.41209399606186,8.362496547893173,268.41209399606413,0.00028288685754629953,407.954367908739,8.643672882824964,406.95436790873504
/content/drive/MyDrive/dataset_fix/train/undakan/undakan.5.jpg,0.000571052777847749,341.19795767716107,8.221040975071986,340.1979576771619,0.000536778307111078,407.86149172298377,8.310876828739337,406.8614917229835,0.0007670850302638185,221.84221210629627,7.94217065416009,220.84221210629693,0.0005205815483241052,462.958273916548,8.308052288839436,461.9582739165464
/content/drive/MyDrive/dataset_fix/train/undakan/undakan.50.jpg,0.0003403895357595293,183.15526574803013,8.437947857906899,182.15526574803138,0.0002844782799119893,379.13720627441586,8.637819260271815,378.1372062744097,0.0003868044845464587,269.41209399606186,8.362496547893173,268.41209399606413,0.00028288685754629953,407.954367908739,8.643672882824964,406.95436790873504
/content/drive/MyDrive/dataset_fix/train/undakan/undakan.51.jpg,0.0002961845523300278,546.5074434055063,8.637826221460305,545.5074434055074,0.00026354185016631376,558.4046128092201,8.720720030806834,557.4046128092245,0.0003660822751332859,354.59768700787066,8.442909368663871,353.597687007874,0.00028430529922001123,694.1460102920188,8.677523948293256,693.1460102920207
/content/drive/MyDrive/dataset_fix/train/undakan/undakan.52.jpg,0.00029673704366938445,545.6171874999977,8.634835676471717,544.6171875000006,0.000263407309628152,560.6630913261772,8.717156716678991,559.6630913261807,0.00036575494293565424,355.5334030511766,8.43754909195472,354.53340305117905,0.0002897580350309349,686.660239320478,8.672202732745237,685.6602393204787
/content/drive/MyDrive/dataset_fix/train/undakan/undakan.53.jpg,0.00029572666567206614,558.0890748031451,8.634577854206114,557.0890748031487,0.00026283455133712275,560.693657387316,8.718955682105443,559.6936573873174,0.00036701318519823285,357.1593257873981,8.43819764136336,356.15932578740063,0.0002828099772387308,707.3684047368074,8.679020739639714,706.3684047368055
/content/drive/MyDrive/dataset_fix/train/undakan/undakan.54.jpg,0.0002975411834612588,554.7546136810987,8.631916348501122,553.7546136811015,0.0002676453365802428,566.7912455824878,8.707865268012785,565.791245582491,0.0003727783944825568,363.7181348425158,8.431275659651888,362.7181348425199,0.00028788215552742454,700.5187550375089,8.665336271456441,699.5187550375078
/content/drive/MyDrive/dataset_fix/train/undakan/undakan.55.jpg,0.0003051511840328218,535.3965305118102,8.612752160160996,534.3965305118105,0.00027154124616386445,535.7130014259999,8.692634202401958,534.7130014260044,0.00037279731541883505,356.9266117125953,8.42470179122787,355.926611712598,0.00029244500177879056,678.9007998015957,8.659750925376134,677.9007998015983
/content/drive/MyDrive/dataset_fix/train/undakan/undakan.56.jpg,0.0003547713394254684,869.7124138779429,8.712623263686966,868.7124138779549,0.0002938153932603724,1096.9703019406097,8.844739586856628,1095.9703019406031,0.00039224425372677015,715.9218134842437,8.608827787543829,714.9218134842507,0.00031670458281702214,1143.2188604377302,8.806776891106482,1142.21886043772
/content/drive/MyDrive/dataset_fix/train/undakan/undakan.57.jpg,0.0003665401617912385,862.6305979330641,8.703816625431772,861.6305979330743,0.0003065006440013187,1093.8790377580815,8.834307632901664,1092.8790377580679,0.00041943931544111026,713.10187007873,8.590424104007285,712.1018700787386,0.0003366492565956339,1109.1284022568123,8.78389266265697,1108.1284022568068
/content/drive/MyDrive/dataset_fix/train/undakan/undakan.58.jpg,0.0003499219034570669,867.9889271653497,8.707886039111163,866.9889271653595,0.00029135137940432726,1082.1969123938295,8.840636977140294,1081.1969123938247,0.0003854686664451258,709.9446973425062,8.602266559085342,708.9446973425127,0.00031720814883128614,1093.930249860507,8.793545603069326,1092.9302498604986
/content/drive/MyDrive/dataset_fix/train/undakan/undakan.59.jpg,0.00036654394597849453,886.7215182086542,8.700911799236533,885.7215182086636,0.00031023126092376963,1092.5352470705063,8.825764313117968,1091.535247070501,0.0004155548472229541,702.7316067913276,8.586307511922124,701.7316067913363,0.0003279464057842641,1108.3496806993699,8.799186906488389,1107.349680699364
/content/drive/MyDrive/dataset_fix/train/undakan/undakan.6.jpg,0.0006083913535014631,323.7276082677126,8.153700773045436,322.72760826771463,0.0005648280873100883,383.4410068820129,8.25481668164482,382.44100688201445,0.0008304001593354824,206.2360974409415,7.861836058528294,205.23609744094307,0.0005670134100513695,440.9436418872843,8.2318996924015,439.943641887283
/content/drive/MyDrive/dataset_fix/train/undakan/undakan.60.jpg,0.00035778166038751794,875.0342027559086,8.704399778959841,874.0342027559194,0.0003008153452601457,1067.1786843573743,8.830109924806102,1066.1786843573714,0.000404650711645154,702.7471087598323,8.59036097389936,701.7471087598406,0.00032424077496175465,1079.7719635439278,8.7960531629264,1078.771963543927
/content/drive/MyDrive/dataset_fix/train/undakan/undakan.7.jpg,0.0012867107033043077,54.629490649606495,7.757528566615052,53.629490649606055,0.000997256753022976,134.23380246760647,8.029044810317306,133.2338024676053,0.0011764413787617993,110.96893454724263,7.838196958672836,109.96893454724308,0.000970838757351112,142.97005394010853,8.03690288852105,141.9700539401071
/content/drive/MyDrive/dataset_fix/train/undakan/undakan.8.jpg,0.0007303708455073134,177.45478592519655,7.9163565656265105,176.45478592519683,0.0006819129516490915,189.78727757455587,7.961370072056795,188.7872775745549,0.0012985381805724573,24.784756397637878,7.193031413381884,23.78475639763758,0.0007162976691878257,175.64635129270346,7.947149407483606,174.64635129270278
/content/drive/MyDrive/dataset_fix/train/undakan/undakan.9.jpg,0.00047031392890909264,89.49704724409415,8.062282289420251,88.49704724409405,0.0004378602594392777,106.02480004960118,8.125009760195999,105.02480004959999,0.0007127705905802623,34.585937500000284,7.59627878347379,33.58593749999981,0.00047248907195438915,90.19585839171793,8.066242869989578,89.19585839171705
